"","cell","x","y","celltype"
"1","C1",35.42,14117.27,"eL2_3"
"2","C2",54,5090.07,"eL6"
"3","C3",47.06,9057.87,"Astro"
"4","C4",48.53,10542.76,"eL6"
"5","C5",34.81,13471.79,"eL2_3"
"6","C6",36.52,8217.54,"PVALB"
"7","C7",43.87,10146.95,"Endo"
"8","C8",41.8,14328.23,"VIP"
"9","C9",55.85,1167.1,"SST"
"10","C10",80.31,11407.66,"Astro"
"11","C11",41.08,15518.8,"Smc"
"12","C12",62.73,3131.69,"eL6"
"13","C13",67.12,4788.28,"Endo"
"14","C14",73.69,7496.63,"eL6"
"15","C15",78.22,10363.46,"eL4"
"16","C16",51.37,11867.76,"eL2_3"
"17","C17",82.68,12720.38,"eL2_3"
"18","C18",66.26,2102.15,"Astro"
"19","C19",88.07,5753.05,"Micro"
"20","C20",87.22,9438.64,"eL4"
"21","C21",91.32,363.83,"eL6"
"22","C22",120.19,4303.51,"eL6"
"23","C23",80.42,5491.95,"Astro"
"24","C24",108.1,10835.44,"Endo"
"25","C25",145.72,13166.65,"eL4"
"26","C26",111.71,3540.12,"Oligo"
"27","C27",97.87,4530.7,"eL6"
"28","C28",120.51,14383.77,"VIP"
"29","C29",131.42,15642.93,"Smc"
"30","C30",115.21,915.15,"Oligo"
"31","C31",117.59,506.02,"eL5"
"32","C32",122.79,7300.96,"eL5"
"33","C33",149.63,4681.37,"eL6"
"34","C34",161.1,8380.51,"Astro"
"35","C35",177.73,3116.08,"Oligo"
"36","C36",160.71,12119.47,"PVALB"
"37","C37",145.25,12481.87,"eL2_3"
"38","C38",194.16,8785.18,"eL4"
"39","C39",209.88,10047.08,"eL6"
"40","C40",187.27,5235,"eL6"
"41","C41",194.21,9669.86,"Astro"
"42","C42",228.5,13681.47,"VIP"
"43","C43",204.82,6367.41,"eL5"
"44","C44",205.28,10205.58,"Astro"
"45","C45",215.88,3458.78,"eL6"
"46","C46",223.2,5605.15,"eL6"
"47","C47",256.46,3665.33,"Reln"
"48","C48",257.31,11690.26,"VIP"
"49","C49",228.11,9920.52,"eL4"
"50","C50",273.11,14092.82,"Astro"
"51","C51",267.82,15645.42,"Smc"
"52","C52",281.51,3035.53,"Oligo"
"53","C53",273.61,7983.46,"eL6"
"54","C54",249,83.59,"HPC"
"55","C55",276.66,2628.54,"Oligo"
"56","C56",255.44,11228.36,"Endo"
"57","C57",303.4,12605.58,"eL2_3"
"58","C58",306.09,15388.32,"Astro"
"59","C59",265.86,3325.44,"Oligo"
"60","C60",285.32,9413.06,"eL4"
"61","C61",283.97,4796.73,"eL6"
"62","C62",299.56,7247.54,"eL5"
"63","C63",333.67,10311.91,"eL4"
"64","C64",309.97,12317.45,"eL2_3"
"65","C65",321.22,5324.46,"eL6"
"66","C66",310.66,13039.66,"eL2_3"
"67","C67",335.53,4062.32,"eL6"
"68","C68",331.31,8398.02,"Astro"
"69","C69",361.6,12710.9,"Endo"
"70","C70",358.9,5846.14,"eL6"
"71","C71",329.55,9606.8,"eL4"
"72","C72",362.42,10448.73,"eL4"
"73","C73",362.1,14980.04,"Astro"
"74","C74",364.24,3416.74,"eL6"
"75","C75",391.92,11900.4,"eL2_3"
"76","C76",366.68,4449.06,"eL6"
"77","C77",381.09,15713.69,"Smc"
"78","C78",398.43,4333.8,"eL6"
"79","C79",412.2,1029.57,"HPC"
"80","C80",424.88,1741.75,"eL5"
"81","C81",427.06,5434.77,"eL6"
"82","C82",431.12,9271.25,"eL4"
"83","C83",415.74,3937.1,"eL6"
"84","C84",404.79,6506.08,"eL4"
"85","C85",421.66,8630.74,"eL5"
"86","C86",421.56,8796.67,"eL5"
"87","C87",436.13,10598.04,"eL4"
"88","C88",459.3,2268.21,"Oligo"
"89","C89",441.49,3774.08,"eL6"
"90","C90",417.4,7693.1,"Astro"
"91","C91",417.32,8085.5,"PVALB"
"92","C92",435.81,14680.88,"Astro"
"93","C93",419.62,4573.65,"eL6"
"94","C94",456.48,10748.87,"Oligo"
"95","C95",427.65,11478.78,"Endo"
"96","C96",437.48,12256.36,"eL2_3"
"97","C97",457.1,12509.34,"Endo"
"98","C98",455.77,12826.25,"eL2_3"
"99","C99",471.56,11615.34,"eL2_3"
"100","C100",476.11,10867.35,"eL4"
"101","C101",479.79,11355.92,"eL4"
"102","C102",497.27,1933.72,"Oligo"
"103","C103",477.53,5127.81,"eL6"
"104","C104",475.28,6410.17,"Oligo"
"105","C105",477,9615.03,"eL4"
"106","C106",496.87,4820.84,"eL6"
"107","C107",479.22,8507,"eL5"
"108","C108",481.86,15747.24,"Smc"
"109","C109",509.2,3451.18,"Oligo"
"110","C110",502.34,4205.4,"Oligo"
"111","C111",493.89,15205.17,"Endo"
"112","C112",533.17,6281.86,"eL6"
"113","C113",533.41,8116.6,"PVALB"
"114","C114",530.23,10978.42,"eL4"
"115","C115",536.09,11755.3,"eL4"
"116","C116",539.82,4640.74,"eL6"
"117","C117",534.44,8977.21,"Astro"
"118","C118",555.59,7880.26,"eL6"
"119","C119",510.17,10142.53,"eL4"
"120","C120",561.53,15796.76,"Smc"
"121","C121",544.59,5574.93,"eL6"
"122","C122",547.19,13710.44,"eL2_3"
"123","C123",602.96,4254.99,"eL6"
"124","C124",568.49,6562.72,"PVALB"
"125","C125",575.95,7574.41,"Astro"
"126","C126",600.97,8506.88,"Oligo"
"127","C127",574.92,11232.02,"eL2_3"
"128","C128",574.82,12247.6,"eL2_3"
"129","C129",588.33,12865.81,"eL4"
"130","C130",569.07,2639.42,"Oligo"
"131","C131",600.73,5211.22,"eL6"
"132","C132",602.35,9489.03,"Astro"
"133","C133",602.64,2430.3,"Oligo"
"134","C134",576.27,10033.97,"Reln"
"135","C135",649.17,12718.4,"Astro"
"136","C136",634.5,10798.93,"eL4"
"137","C137",646.38,11621.27,"PVALB"
"138","C138",628.78,13589.85,"eL2_3"
"139","C139",627.57,71.22,"HPC"
"140","C140",647.57,3792.42,"Astro"
"141","C141",670.77,11061.38,"eL4"
"142","C142",659.9,15860.81,"Smc"
"143","C143",635.78,1733.74,"Oligo"
"144","C144",652.88,2775.87,"Oligo"
"145","C145",594.95,9236.71,"Astro"
"146","C146",663.89,2083.49,"Oligo"
"147","C147",626.53,2964.52,"Oligo"
"148","C148",669.3,10183.72,"eL4"
"149","C149",670.16,5076.87,"eL2_3"
"150","C150",669.02,9924.79,"eL5"
"151","C151",669.05,11357.63,"eL4"
"152","C152",705.28,2670.31,"Oligo"
"153","C153",689.23,3598.72,"Oligo"
"154","C154",725.74,8069.79,"Astro"
"155","C155",728.24,43.55,"HPC"
"156","C156",751.98,5758.75,"Endo"
"157","C157",691.27,7408.59,"Astro"
"158","C158",712.43,7684.59,"Endo"
"159","C159",716.04,10542.68,"Endo"
"160","C160",733.99,9363.47,"eL4"
"161","C161",706.65,9781.19,"Endo"
"162","C162",714.12,12152.56,"Reln"
"163","C163",753.65,3118.48,"Oligo"
"164","C164",714.88,4664.26,"eL6"
"165","C165",718.08,8970.26,"Astro"
"166","C166",734.37,12325.32,"eL2_3"
"167","C167",702.67,225.52,"HPC"
"168","C168",766.41,3027.57,"Oligo"
"169","C169",739.74,6334.09,"eL6"
"170","C170",717.83,13976.15,"eL4"
"171","C171",731.53,6654.97,"Oligo"
"172","C172",730.13,7191.3,"eL4"
"173","C173",747.15,13605.42,"Endo"
"174","C174",777.68,14164.77,"eL2_3"
"175","C175",752.42,4791.15,"eL6"
"176","C176",765.99,9589.2,"eL4"
"177","C177",824.03,1889.46,"Astro"
"178","C178",789.92,3636.32,"Astro"
"179","C179",786.26,10726.51,"eL4"
"180","C180",782.53,13752.82,"eL2_3"
"181","C181",746.88,4144.34,"Reln"
"182","C182",779.39,4309.99,"eL6"
"183","C183",799.28,11933.84,"eL4"
"184","C184",830.52,4955.57,"eL6"
"185","C185",788.83,9154.03,"eL4"
"186","C186",822.13,13954.6,"eL2_3"
"187","C187",833.28,6632.95,"PVALB"
"188","C188",832.94,7944.68,"Astro"
"189","C189",772.22,13236.58,"Astro"
"190","C190",810.56,2633.15,"Micro"
"191","C191",815.66,2775.41,"Oligo"
"192","C192",821.92,10068.35,"eL2_3"
"193","C193",844.23,13574.4,"Astro"
"194","C194",848.12,15892.34,"Smc"
"195","C195",857.29,3715.74,"Astro"
"196","C196",825.32,5525.27,"Astro"
"197","C197",816.73,11787.36,"eL4"
"198","C198",830.29,8706.73,"Astro"
"199","C199",872.58,11106.28,"Micro"
"200","C200",852.8,11632.78,"eL4"
"201","C201",842.03,3884.85,"eL6"
"202","C202",886.32,11270.3,"eL2_3"
"203","C203",877.06,15066.26,"Astro"
"204","C204",891.76,4777.78,"eL6"
"205","C205",888.62,7281.06,"eL5"
"206","C206",892.3,4446.77,"eL6"
"207","C207",883.53,678.35,"PVALB"
"208","C208",908.76,13458.06,"PVALB"
"209","C209",904.96,11425.55,"eL4"
"210","C210",920.95,438.83,"Astro"
"211","C211",911.77,8228.46,"VIP"
"212","C212",1000.64,2662.31,"Oligo"
"213","C213",920.53,6473.48,"SST"
"214","C214",948.34,13931.91,"eL2_3"
"215","C215",955.06,12465.85,"VIP"
"216","C216",961.19,10995.93,"eL4"
"217","C217",945.02,12923.21,"eL2_3"
"218","C218",957.09,10347.3,"eL4"
"219","C219",936.95,60.19,"HPC"
"220","C220",968.31,9601.75,"eL4"
"221","C221",971.13,9387.26,"PVALB"
"222","C222",1006.75,7312.23,"Endo"
"223","C223",993.88,3476.04,"Oligo"
"224","C224",1008,10851.05,"eL4"
"225","C225",1022.49,12552.49,"VIP"
"226","C226",1011.89,7591.78,"Astro"
"227","C227",1036.61,8196.63,"VIP"
"228","C228",1056.72,10430.76,"eL4"
"229","C229",1056.95,9603.5,"Oligo"
"230","C230",1073.73,2286.78,"Astro"
"231","C231",1045.83,10118.83,"Astro"
"232","C232",1056.72,14039.99,"eL2_3"
"233","C233",1075.68,5293.67,"eL4"
"234","C234",1103.2,7962.05,"Oligo"
"235","C235",1099.89,4918.67,"PVALB"
"236","C236",1121.03,16089.89,"Smc"
"237","C237",1119.49,1227.46,"HPC"
"238","C238",1130.16,2416.34,"Oligo"
"239","C239",1070.61,8770.52,"Astro"
"240","C240",1119.5,10262.36,"eL4"
"241","C241",1122.37,13130.15,"Endo"
"242","C242",1106.41,15257.72,"Endo"
"243","C243",1137.27,10643.09,"eL4"
"244","C244",1114.07,11854.47,"eL2_3"
"245","C245",1131.52,14590.88,"eL2_3"
"246","C246",1113.68,9858.87,"Astro"
"247","C247",1155.31,14722.69,"eL2_3"
"248","C248",1162.79,2142.82,"Astro"
"249","C249",1174.83,4069.06,"Oligo"
"250","C250",1139.29,9239.06,"Astro"
"251","C251",1124.75,15974.89,"Smc"
"252","C252",1177.56,445.43,"HPC"
"253","C253",1177.71,10906.16,"eL4"
"254","C254",1177.58,14179.06,"eL2_3"
"255","C255",1181.76,2609.98,"Oligo"
"256","C256",1183.26,7251.07,"PVALB"
"257","C257",1200.78,8485.37,"Oligo"
"258","C258",1193.14,8948.36,"Micro"
"259","C259",1180.24,9572.25,"Endo"
"260","C260",1169.31,7608.62,"PVALB"
"261","C261",1202.38,657.67,"HPC"
"262","C262",1204.34,5855.86,"Reln"
"263","C263",1167.41,6769.13,"Astro"
"264","C264",1176.94,12617.81,"Endo"
"265","C265",1207.86,15797.38,"Endo"
"266","C266",1262.3,10373.19,"Astro"
"267","C267",1251.79,10498.72,"Astro"
"268","C268",1220.43,2026.66,"Oligo"
"269","C269",1218.13,5260.1,"eL6"
"270","C270",1237.51,858.69,"HPC"
"271","C271",1228.66,13269.64,"eL2_3"
"272","C272",1189.65,110.91,"HPC"
"273","C273",1234.94,4942.45,"eL6"
"274","C274",1262.51,1631.77,"Astro"
"275","C275",1251.44,2316.17,"Oligo"
"276","C276",1263.44,10758.51,"eL4"
"277","C277",1271.78,14625.26,"Astro"
"278","C278",1248.42,2846.56,"Oligo"
"279","C279",1255.36,11995.77,"eL2_3"
"280","C280",1265.87,12490.65,"eL4"
"281","C281",1294.69,5481.79,"Endo"
"282","C282",1281.53,16136.22,"Smc"
"283","C283",1324.81,3174.81,"Oligo"
"284","C284",1287.73,8084.52,"Astro"
"285","C285",1343.88,15895.7,"Astro"
"286","C286",1316.85,11856.07,"Oligo"
"287","C287",1331.75,5610.17,"Astro"
"288","C288",1343.29,2905.68,"Oligo"
"289","C289",1344.79,11023.08,"eL4"
"290","C290",1344.51,9375.11,"eL4"
"291","C291",1347.08,71.7,"Astro"
"292","C292",1361.98,1099.4,"HPC"
"293","C293",1354.05,6143.09,"eL6"
"294","C294",1381.05,4492.89,"Oligo"
"295","C295",1363.9,10093.63,"eL4"
"296","C296",1379.65,14748.17,"eL2_3"
"297","C297",1356.2,3902.3,"Oligo"
"298","C298",1358.33,9038.22,"Astro"
"299","C299",1378.2,4735.79,"Micro"
"300","C300",1364.23,5174.61,"eL6"
"301","C301",1377.62,6570.79,"eL4"
"302","C302",1410.12,11486.64,"eL4"
"303","C303",1410.69,5027.22,"eL6"
"304","C304",1460.56,5976.42,"Endo"
"305","C305",1404.71,4334.14,"eL6"
"306","C306",1397.87,7538.44,"Astro"
"307","C307",1417.63,15721.6,"Astro"
"308","C308",1391.43,14416.88,"eL2_3"
"309","C309",1404.44,3391.87,"Oligo"
"310","C310",1399.1,9207.35,"PVALB"
"311","C311",1442.71,9611.06,"SST"
"312","C312",1424.58,12254.18,"eL4"
"313","C313",1416.85,12390.68,"VIP"
"314","C314",1411.72,16233.27,"Smc"
"315","C315",1415.37,5380.76,"eL6"
"316","C316",1415.07,6982.76,"PVALB"
"317","C317",1434.4,184.51,"HPC"
"318","C318",1442.04,1191.28,"Astro"
"319","C319",1439.54,2953.03,"Oligo"
"320","C320",1437.8,7295.93,"Endo"
"321","C321",1432.34,11112.87,"eL2_3"
"322","C322",1441.29,12680.18,"Reln"
"323","C323",1465.29,429.74,"HPC"
"324","C324",1434.5,2230.98,"SST"
"325","C325",1431.78,8003.24,"Astro"
"326","C326",1459.07,3962.17,"Oligo"
"327","C327",1439.42,11275.04,"eL2_3"
"328","C328",1482.43,14459.83,"eL2_3"
"329","C329",1479.74,16137.17,"Smc"
"330","C330",1467.38,7748.84,"eL5"
"331","C331",1479.27,45.8,"HPC"
"332","C332",1473.18,6810.88,"eL6"
"333","C333",1489.74,13350.06,"eL2_3"
"334","C334",1507.89,6367.18,"Endo"
"335","C335",1534.59,6585.3,"Astro"
"336","C336",1506.46,7438.07,"eL5"
"337","C337",1506.98,9359.54,"eL4"
"338","C338",1524.68,11833.81,"eL4"
"339","C339",1506.1,696.64,"HPC"
"340","C340",1520.02,4769.48,"Oligo"
"341","C341",1540.85,8008.87,"Endo"
"342","C342",1528.68,8828.67,"Astro"
"343","C343",1532.25,2059.66,"Astro"
"344","C344",1524.2,12166.51,"Oligo"
"345","C345",1536.22,2329.62,"Oligo"
"346","C346",1541.57,5303.8,"eL6"
"347","C347",1539.02,10191.73,"eL4"
"348","C348",1515.8,10828.64,"eL4"
"349","C349",1515,13513.48,"eL2_3"
"350","C350",1545.56,11072.89,"eL4"
"351","C351",1548.24,13149.61,"Endo"
"352","C352",1561.75,2983.68,"Endo"
"353","C353",1554.4,11982.85,"Astro"
"354","C354",1560.21,16310.69,"Smc"
"355","C355",1557.64,10464.64,"eL4"
"356","C356",1565.73,12452.25,"eL2_3"
"357","C357",1580.36,6940.23,"eL4"
"358","C358",1536.96,14193.63,"Astro"
"359","C359",1593.22,3448.62,"Oligo"
"360","C360",1611.49,6273.95,"eL6"
"361","C361",1538.37,4153.48,"eL6"
"362","C362",1587.94,4304.53,"eL6"
"363","C363",1584.09,4494.03,"Astro"
"364","C364",1597.1,7552.24,"eL5"
"365","C365",1603.09,71.05,"HPC"
"366","C366",1602.23,16225.1,"Smc"
"367","C367",1711.8,4677.47,"eL6"
"368","C368",1615.13,9035.13,"Astro"
"369","C369",1625.25,2810.59,"Oligo"
"370","C370",1630.31,754.3,"HPC"
"371","C371",1644.76,1373.96,"eL5"
"372","C372",1650.29,11473.81,"eL2_3"
"373","C373",1628.01,14468.61,"eL2_3"
"374","C374",1615.03,3698.45,"Oligo"
"375","C375",1633.74,7311.89,"eL6"
"376","C376",1649.69,3543.33,"Oligo"
"377","C377",1651.06,9451.4,"Astro"
"378","C378",1672.45,10504.42,"eL4"
"379","C379",1668.34,4917.03,"eL6"
"380","C380",1643.54,10081.15,"eL4"
"381","C381",1668.71,312.88,"Astro"
"382","C382",1688.05,13015.17,"eL2_3"
"383","C383",1678.62,3044.54,"Oligo"
"384","C384",1682.4,5838.45,"eL6"
"385","C385",1695.1,11765.19,"Endo"
"386","C386",1626.57,9871.42,"Endo"
"387","C387",1688.74,11193.43,"eL2_3"
"388","C388",1740.6,15981.07,"eL6"
"389","C389",1687.09,554.57,"VIP"
"390","C390",1696.3,12231.56,"eL4"
"391","C391",1708.99,3224.9,"Oligo"
"392","C392",1697.19,13810.59,"eL2_3"
"393","C393",1711.9,8330.04,"Astro"
"394","C394",1709.46,14046.39,"eL2_3"
"395","C395",1729.41,2460.28,"SST"
"396","C396",1701.93,6089.63,"eL6"
"397","C397",1718.03,10635.46,"eL4"
"398","C398",1758.19,7408.57,"eL5"
"399","C399",1729.91,57.83,"HPC"
"400","C400",1757.55,14312.1,"eL2_3"
"401","C401",1747.16,13501.89,"eL2_3"
"402","C402",1764.34,14450.41,"eL2_3"
"403","C403",1732.85,6404.21,"eL6"
"404","C404",1755.4,4396.28,"Reln"
"405","C405",1740.14,5172.56,"eL5"
"406","C406",1751.55,8000.8,"eL5"
"407","C407",1807.4,11593.69,"Astro"
"408","C408",1738.58,16342.62,"Smc"
"409","C409",1775.39,235.48,"HPC"
"410","C410",1814.11,700.38,"HPC"
"411","C411",1773.98,3566.8,"Oligo"
"412","C412",1759.93,6531.46,"eL6"
"413","C413",1811.51,8170.9,"eL5"
"414","C414",1820.66,447.02,"HPC"
"415","C415",1808.23,2685.21,"Oligo"
"416","C416",1784.85,3087.05,"Oligo"
"417","C417",1780.54,3664.88,"Oligo"
"418","C418",1809.38,10858.05,"eL4"
"419","C419",1799.16,12560.11,"PVALB"
"420","C420",1848.77,84.07,"HPC"
"421","C421",1808.7,10201.6,"eL2_3"
"422","C422",1812.29,10028.18,"eL4"
"423","C423",1819,16447.26,"Smc"
"424","C424",1826.48,5040.43,"eL6"
"425","C425",1839.53,11188.98,"eL5"
"426","C426",1828.43,14070.21,"eL2_3"
"427","C427",1851.51,8408.42,"Astro"
"428","C428",1849.73,2173.89,"VIP"
"429","C429",1865.75,12317.56,"eL4"
"430","C430",1864.3,3136.92,"Oligo"
"431","C431",1840.75,10700.35,"eL4"
"432","C432",1867.95,13288.13,"eL2_3"
"433","C433",1861.62,5540.99,"eL6"
"434","C434",1885.99,16367.7,"Smc"
"435","C435",1878.67,13875.47,"VIP"
"436","C436",1859.23,9165.34,"Astro"
"437","C437",1884.01,3295.6,"Oligo"
"438","C438",1891.97,3649.32,"Astro"
"439","C439",1882.41,14383.25,"eL2_3"
"440","C440",1857.58,8609.62,"Astro"
"441","C441",1873.6,8928.34,"Astro"
"442","C442",1891.52,12900.93,"Oligo"
"443","C443",1900.73,6181.28,"eL6"
"444","C444",1849.45,9417.54,"eL5"
"445","C445",2000.5,4156.9,"Astro"
"446","C446",1926.85,5755.01,"Micro"
"447","C447",1921.32,14737.13,"eL2_3"
"448","C448",1916.33,6615.26,"eL6"
"449","C449",1911.65,12089.57,"eL2_3"
"450","C450",1918.66,259.27,"HPC"
"451","C451",1953.91,13488.41,"Astro"
"452","C452",1987.96,3180.5,"Oligo"
"453","C453",1942.33,2906.4,"Oligo"
"454","C454",1948.53,4973.37,"eL6"
"455","C455",1968.07,6822.53,"eL6"
"456","C456",1960.32,11845.32,"eL2_3"
"457","C457",1950.75,10003.22,"eL4"
"458","C458",1958.26,10363.75,"eL4"
"459","C459",1963.07,14035.66,"eL2_3"
"460","C460",1952.97,16521.59,"Smc"
"461","C461",1953.5,15950.62,"Reln"
"462","C462",1964.78,4857.39,"eL6"
"463","C463",1962.53,7572.62,"PVALB"
"464","C464",1996.73,14560.77,"eL2_3"
"465","C465",2015.74,6407.14,"eL6"
"466","C466",1999.73,16438.61,"Smc"
"467","C467",2019.57,4516.79,"Oligo"
"468","C468",2048.05,6109.23,"eL6"
"469","C469",2014.68,7034.33,"eL6"
"470","C470",2006.16,10820.87,"eL4"
"471","C471",2017.62,12418.86,"eL2_3"
"472","C472",2013.2,3965.77,"Oligo"
"473","C473",1988.45,11247.53,"Astro"
"474","C474",2029.58,333.63,"HPC"
"475","C475",2023.77,3515.81,"Oligo"
"476","C476",1996.74,11051.48,"eL4"
"477","C477",2039.81,10097,"eL4"
"478","C478",2029.7,12664.19,"Astro"
"479","C479",2009.21,93.38,"HPC"
"480","C480",2033.97,2558.69,"Oligo"
"481","C481",2040.95,1802.15,"HPC"
"482","C482",2083.13,6658.53,"eL6"
"483","C483",2064.05,13094.65,"Reln"
"484","C484",2064.05,16049.49,"Reln"
"485","C485",2057.28,7304.67,"eL4"
"486","C486",2094.11,9801.55,"Endo"
"487","C487",2079.58,5255.06,"eL6"
"488","C488",2080,14962.8,"VIP"
"489","C489",2046.28,2707.22,"Oligo"
"490","C490",2056.94,5397.78,"PVALB"
"491","C491",2071.03,12090.21,"Astro"
"492","C492",2085.06,11471.35,"eL4"
"493","C493",2139.15,16569.27,"Smc"
"494","C494",2085.06,5106.69,"Astro"
"495","C495",2088.17,10450.19,"eL4"
"496","C496",2099.17,7528.23,"PVALB"
"497","C497",2098.89,1306.08,"HPC"
"498","C498",2107.79,8303.71,"Oligo"
"499","C499",2128.17,8596,"Astro"
"500","C500",2170.58,16512.01,"Smc"
"501","C501",2127.65,160.75,"HPC"
"502","C502",2115.54,4953.37,"eL6"
"503","C503",2106.62,5655,"eL6"
"504","C504",2169.83,9329.78,"eL4"
"505","C505",2119.38,14538.73,"eL2_3"
"506","C506",2098.9,7932.75,"Astro"
"507","C507",2123.98,631.29,"HPC"
"508","C508",2144.17,10753.41,"eL4"
"509","C509",2149.51,11258.34,"eL4"
"510","C510",2170.33,38.45,"HPC"
"511","C511",2132.52,3342.77,"Oligo"
"512","C512",2141.14,4034.03,"Astro"
"513","C513",2141.48,5930.73,"VIP"
"514","C514",2162.65,13562.21,"eL2_3"
"515","C515",2153.23,7697.98,"eL5"
"516","C516",2162.73,7246.46,"eL4"
"517","C517",2167.31,9664.67,"eL4"
"518","C518",2177.65,13325.25,"eL2_3"
"519","C519",2169.61,16448.71,"Endo"
"520","C520",2177.05,1161.43,"Astro"
"521","C521",2204.91,8469.15,"eL5"
"522","C522",2184.84,336.8,"HPC"
"523","C523",2170.35,8109.77,"eL5"
"524","C524",2191.41,13072.33,"eL2_3"
"525","C525",2188.75,11692.12,"eL4"
"526","C526",2195.49,16183.7,"Astro"
"527","C527",2200.7,807.1,"HPC"
"528","C528",2216.34,10525.67,"eL4"
"529","C529",2213.46,11054.99,"eL4"
"530","C530",2196.68,13815.02,"Endo"
"531","C531",2222.88,4872.86,"eL6"
"532","C532",2223.58,3603.32,"Oligo"
"533","C533",2239.96,5765.49,"eL6"
"534","C534",2229.11,10279.21,"Astro"
"535","C535",2224.95,3457.65,"Oligo"
"536","C536",2265.19,5625.97,"Astro"
"537","C537",2238.21,9971.02,"eL4"
"538","C538",2250.32,190.13,"HPC"
"539","C539",2266.7,6490.97,"eL6"
"540","C540",2260.88,12821.56,"eL2_3"
"541","C541",2246.35,9809.61,"eL4"
"542","C542",2231.72,15235.49,"Astro"
"543","C543",2264.4,638.44,"HPC"
"544","C544",2262.93,4059.32,"Oligo"
"545","C545",2263.43,5036.87,"eL6"
"546","C546",2236.56,12379,"Oligo"
"547","C547",2343.68,12118.43,"eL2_3"
"548","C548",2281.62,14543.64,"eL2_3"
"549","C549",2295.34,7864.26,"eL5"
"550","C550",2278.45,11441.58,"eL4"
"551","C551",2344.69,12021.01,"Oligo"
"552","C552",2311.22,912.6,"HPC"
"553","C553",2310.24,10996.85,"eL4"
"554","C554",2309.04,11898.14,"eL4"
"555","C555",2306.24,13345.15,"eL2_3"
"556","C556",2319.68,8085.6,"eL5"
"557","C557",2334.35,11713.27,"Astro"
"558","C558",2337.96,6851.59,"Astro"
"559","C559",2326.61,9484.26,"eL5"
"560","C560",2355.15,9010.26,"Astro"
"561","C561",2332.11,10773.39,"eL4"
"562","C562",2308.33,6160.39,"eL6"
"563","C563",2312.09,14132.59,"eL2_3"
"564","C564",2335.94,100.61,"HPC"
"565","C565",2339.9,363.76,"HPC"
"566","C566",2377.55,9256.35,"Astro"
"567","C567",2382.44,508.09,"Astro"
"568","C568",2403.56,9901.89,"PVALB"
"569","C569",2385.33,11469.56,"eL4"
"570","C570",2385.3,3554.78,"Oligo"
"571","C571",2372.74,14310.43,"PVALB"
"572","C572",2412.29,2778.02,"Oligo"
"573","C573",2420.82,13925.17,"eL2_3"
"574","C574",2397.66,2046.53,"Oligo"
"575","C575",2402.78,10444.26,"eL4"
"576","C576",2418.95,242.26,"HPC"
"577","C577",2408.75,8214.04,"Endo"
"578","C578",2412.78,5548.69,"eL6"
"579","C579",2443.62,6426.23,"eL4"
"580","C580",2414.72,10221.44,"eL4"
"581","C581",2408.9,10968.04,"eL4"
"582","C582",2428.02,14179.22,"PVALB"
"583","C583",2441.07,56.39,"HPC"
"584","C584",2380.36,16644.2,"Smc"
"585","C585",2420.85,3704,"Oligo"
"586","C586",2440.56,4317.34,"Reln"
"587","C587",2438.07,5291.33,"eL6"
"588","C588",2432.75,7618.77,"eL6"
"589","C589",2449.34,11164.47,"eL4"
"590","C590",2467.93,13179.72,"eL2_3"
"591","C591",2468.53,3451.33,"Oligo"
"592","C592",2455.6,8670.48,"Astro"
"593","C593",2448.08,13629.57,"eL6"
"594","C594",2462.07,14579.2,"Reln"
"595","C595",2474.43,667.31,"HPC"
"596","C596",2468.51,1656.31,"Endo"
"597","C597",2454.96,2285.55,"HPC"
"598","C598",2495.09,848.25,"HPC"
"599","C599",2493.07,6684.72,"PVALB"
"600","C600",2506,3606.55,"Oligo"
"601","C601",2503.57,3858.41,"Oligo"
"602","C602",2487.26,11748.02,"eL4"
"603","C603",2473.72,14988.37,"eL2_3"
"604","C604",2499.45,1085.47,"HPC"
"605","C605",2505.19,3170.83,"Oligo"
"606","C606",2483.36,3971.56,"Oligo"
"607","C607",2513.47,12843.1,"eL4"
"608","C608",2512.7,9972,"PVALB"
"609","C609",2524.89,139.27,"HPC"
"610","C610",2531.12,4822.06,"Oligo"
"611","C611",2551.64,9372.88,"eL5"
"612","C612",2532.65,470.27,"HPC"
"613","C613",2545.28,10485.7,"eL4"
"614","C614",2535.61,7048.49,"eL6"
"615","C615",2554.19,11370.58,"Endo"
"616","C616",2563.76,16780.81,"Smc"
"617","C617",2578.16,5948.73,"Endo"
"618","C618",2554.87,8007.49,"Astro"
"619","C619",2552.99,11035.08,"eL4"
"620","C620",2557.14,11161.53,"eL4"
"621","C621",2578.18,12612.22,"Astro"
"622","C622",2548.64,16646.41,"Endo"
"623","C623",2572.67,11511.23,"eL2_3"
"624","C624",2591.09,3784.21,"Oligo"
"625","C625",2585.65,4340.6,"Reln"
"626","C626",2572.53,5163.83,"eL6"
"627","C627",2603.25,15646.61,"Endo"
"628","C628",2583.53,3319.51,"Oligo"
"629","C629",2609.61,4024.66,"Oligo"
"630","C630",2586.29,12311.49,"eL2_3"
"631","C631",2588.76,10931.86,"eL4"
"632","C632",2603.36,6492.25,"Oligo"
"633","C633",2605.16,14545.98,"eL2_3"
"634","C634",2623.99,14921.58,"eL2_3"
"635","C635",2625.79,277.89,"HPC"
"636","C636",2610.17,9513.3,"eL5"
"637","C637",2633.87,10818.9,"VIP"
"638","C638",2645.54,16669.44,"Smc"
"639","C639",2635.8,95.11,"HPC"
"640","C640",2622.77,1192.73,"HPC"
"641","C641",2608.02,4692,"Oligo"
"642","C642",2665.25,411.62,"HPC"
"643","C643",2638.88,6109.92,"eL6"
"644","C644",2632.48,1349.05,"HPC"
"645","C645",2645.66,7187.05,"eL6"
"646","C646",2644.15,11261.02,"eL4"
"647","C647",2643.62,14717.75,"eL2_3"
"648","C648",2616.2,5704.16,"Oligo"
"649","C649",2645.42,8468.12,"Astro"
"650","C650",2680.49,8053.58,"eL5"
"651","C651",2670.74,10592.66,"eL4"
"652","C652",2690.62,6349.63,"eL6"
"653","C653",2654.43,6875.36,"eL6"
"654","C654",2701.18,7638.34,"PVALB"
"655","C655",2659.25,8840.38,"Astro"
"656","C656",2684.62,14208.85,"eL2_3"
"657","C657",2701.2,3014.14,"Oligo"
"658","C658",2697.53,4461.36,"Astro"
"659","C659",2691.5,9275.29,"PVALB"
"660","C660",2724.27,5019.44,"Oligo"
"661","C661",2661,9114.8,"PVALB"
"662","C662",2720.82,13157.56,"eL2_3"
"663","C663",2740.93,15019.36,"eL2_3"
"664","C664",2763.3,15508,"Astro"
"665","C665",2749.35,148.54,"HPC"
"666","C666",2748.54,8983.78,"eL5"
"667","C667",2747.76,16946.17,"Smc"
"668","C668",2757.83,11753.52,"eL5"
"669","C669",2780.03,12662.17,"eL4"
"670","C670",2755.41,16763.1,"Smc"
"671","C671",2764.41,12929.13,"SST"
"672","C672",2768.88,14676.36,"eL2_3"
"673","C673",2747.51,611.34,"HPC"
"674","C674",2769.19,791.61,"HPC"
"675","C675",2780.54,1453.97,"HPC"
"676","C676",2794.53,6609.6,"eL6"
"677","C677",2772.6,6771.03,"Astro"
"678","C678",2789.86,9889.22,"eL5"
"679","C679",2759.25,16865.04,"Smc"
"680","C680",2772.11,12316.67,"eL4"
"681","C681",2760.63,3187.83,"Oligo"
"682","C682",2729.61,3537.51,"Oligo"
"683","C683",2787.38,4023.91,"Oligo"
"684","C684",2793.17,10658.47,"eL4"
"685","C685",2769.31,12064.63,"eL2_3"
"686","C686",2818.18,16547.69,"Astro"
"687","C687",2793.61,2585.98,"eL5"
"688","C688",2795.77,8578.33,"eL6"
"689","C689",2808.66,11134.04,"eL4"
"690","C690",2816.1,6002.94,"eL2_3"
"691","C691",2832.82,6267.06,"Astro"
"692","C692",2820.04,13350.69,"eL2_3"
"693","C693",2833.01,16268.67,"Micro"
"694","C694",2816.12,4506.28,"Oligo"
"695","C695",2835.94,11665.8,"Endo"
"696","C696",2858.17,217.54,"Reln"
"697","C697",2838.92,5869.13,"eL6"
"698","C698",2814.01,10378.16,"eL2_3"
"699","C699",2852.97,13119.87,"Astro"
"700","C700",2844.88,1184.42,"HPC"
"701","C701",2821.88,5609.14,"eL6"
"702","C702",2831.21,5720.9,"eL6"
"703","C703",2833.48,9342.58,"eL6"
"704","C704",2838.31,4739.3,"eL6"
"705","C705",2824.4,8318.07,"Astro"
"706","C706",2858.59,3603.17,"Oligo"
"707","C707",2848.52,8714.51,"Astro"
"708","C708",2843.82,402.65,"HPC"
"709","C709",2858.14,5497.97,"eL6"
"710","C710",2868.73,16965.81,"Smc"
"711","C711",2849.64,5297.64,"eL6"
"712","C712",2851.61,11336.49,"Endo"
"713","C713",2875.44,13601.1,"eL2_3"
"714","C714",2893.74,536.87,"HPC"
"715","C715",2901.23,685.08,"Astro"
"716","C716",2878.51,7289.24,"Oligo"
"717","C717",2915.18,9101.25,"Astro"
"718","C718",2899.43,10597.22,"eL4"
"719","C719",2898.62,15331.02,"eL2_3"
"720","C720",2909.29,12337.25,"eL2_3"
"721","C721",2904.77,4972.72,"eL6"
"722","C722",2915.7,8496.28,"SST"
"723","C723",2916.44,11254.88,"eL5"
"724","C724",2907.45,4078.65,"Micro"
"725","C725",2924.34,8891.4,"eL5"
"726","C726",2938.91,11507.12,"eL4"
"727","C727",2948.58,9419.12,"eL5"
"728","C728",2950.92,14806.76,"eL2_3"
"729","C729",2910.69,2760.47,"Endo"
"730","C730",2957.87,5425.37,"eL6"
"731","C731",2949.83,9943.56,"Micro"
"732","C732",2964.63,7224.47,"eL6"
"733","C733",2981.43,4231.64,"Oligo"
"734","C734",2988.47,12796.86,"eL4"
"735","C735",3002.93,4851.47,"eL6"
"736","C736",2983.45,5126.38,"eL6"
"737","C737",2976.32,3943.23,"Oligo"
"738","C738",2996.91,6772.64,"eL6"
"739","C739",3009.12,9023.1,"eL5"
"740","C740",2993.9,10494.79,"Endo"
"741","C741",3032.37,16998.7,"Smc"
"742","C742",2991.59,12460.9,"eL2_3"
"743","C743",2999.45,14412.08,"Smc"
"744","C744",3009.33,355.34,"HPC"
"745","C745",3002.96,3339.43,"Oligo"
"746","C746",3005.3,13859.66,"eL2_3"
"747","C747",3010.55,922.16,"HPC"
"748","C748",2989.16,5631.18,"eL6"
"749","C749",3010.6,11874.84,"eL4"
"750","C750",3017.04,14549.68,"Oligo"
"751","C751",3028.01,12151.39,"eL2_3"
"752","C752",3039.12,11336.02,"eL4"
"753","C753",3018.54,3713.55,"Oligo"
"754","C754",3081.72,6043.04,"Astro"
"755","C755",3025.07,11161.23,"eL4"
"756","C756",3068.51,4087.96,"Oligo"
"757","C757",3021.38,13374.9,"eL2_3"
"758","C758",3065,3555.91,"eL6"
"759","C759",3050.65,4678.93,"Astro"
"760","C760",3092.84,7127.28,"eL6"
"761","C761",3047.23,10188.64,"eL4"
"762","C762",3043.27,10812.21,"eL4"
"763","C763",3053.25,5274.29,"eL6"
"764","C764",3008.12,8212.28,"Astro"
"765","C765",3052.59,15254.17,"eL2_3"
"766","C766",3057.87,6365.27,"eL6"
"767","C767",3076.64,8438.22,"PVALB"
"768","C768",3075.11,14251.62,"Micro"
"769","C769",3067.71,15079.07,"eL2_3"
"770","C770",3048.14,676.82,"HPC"
"771","C771",3064.71,11039.15,"eL4"
"772","C772",3075.13,790.31,"HPC"
"773","C773",3102.52,14005.21,"eL2_3"
"774","C774",3112,3664.33,"Reln"
"775","C775",3078.44,558.65,"HPC"
"776","C776",3085.31,5483.42,"Oligo"
"777","C777",3102.48,3258.54,"Oligo"
"778","C778",3114.7,6620.03,"eL6"
"779","C779",3089.98,11550.94,"eL2_3"
"780","C780",3163.69,11542.84,"eL4"
"781","C781",3156.26,4544.39,"Oligo"
"782","C782",3142.5,13352.77,"Astro"
"783","C783",3145.09,15016.77,"eL4"
"784","C784",3125.92,14754.55,"eL2_3"
"785","C785",3127.03,7922.51,"eL5"
"786","C786",3141.21,421.94,"HPC"
"787","C787",3165.85,4770.61,"Astro"
"788","C788",3127.94,9466.5,"Astro"
"789","C789",3160.39,3782.23,"Oligo"
"790","C790",3178.86,9016.38,"Oligo"
"791","C791",3140.47,10282.02,"eL4"
"792","C792",3172.95,50.88,"Micro"
"793","C793",3179.88,654.56,"HPC"
"794","C794",3191.65,5427.7,"eL6"
"795","C795",3161.32,10694.73,"eL4"
"796","C796",3217.69,12213.81,"Astro"
"797","C797",3161.93,4189.67,"Oligo"
"798","C798",3146.8,8081.77,"Astro"
"799","C799",3194.15,1516.18,"Micro"
"800","C800",3212.91,4904.3,"Oligo"
"801","C801",3202.73,6384.12,"eL6"
"802","C802",3188.44,14390.31,"Astro"
"803","C803",3218.98,889.15,"HPC"
"804","C804",3214.3,10400.04,"eL4"
"805","C805",3216.04,15270.85,"eL2_3"
"806","C806",3216.3,5234.78,"eL6"
"807","C807",3222.3,493.85,"HPC"
"808","C808",3232.04,2845.1,"Micro"
"809","C809",3225.44,5045.26,"Oligo"
"810","C810",3229.01,6724.72,"eL6"
"811","C811",3227.46,11903.41,"eL4"
"812","C812",3241.19,10539.12,"PVALB"
"813","C813",3243.9,11679.31,"eL4"
"814","C814",3237.5,734.59,"HPC"
"815","C815",3193.17,4301.1,"Oligo"
"816","C816",3242.94,12450.17,"Astro"
"817","C817",3256.37,8700.55,"Oligo"
"818","C818",3252.88,12777.11,"eL6"
"819","C819",3175.7,1061.89,"HPC"
"820","C820",3263.6,3068.95,"Oligo"
"821","C821",3264.34,11047.14,"eL4"
"822","C822",3280.02,13155.31,"eL2_3"
"823","C823",3273.4,13416,"eL2_3"
"824","C824",3265.21,14800.58,"eL2_3"
"825","C825",3272.43,8245.07,"eL5"
"826","C826",3274.36,16369.71,"Endo"
"827","C827",3238.3,9756.62,"Astro"
"828","C828",3285.42,6211.11,"eL6"
"829","C829",3301.15,560.56,"HPC"
"830","C830",3292.13,4299.59,"Oligo"
"831","C831",3316.8,15372.81,"eL2_3"
"832","C832",3295.98,14539.71,"Endo"
"833","C833",3317.94,3878.43,"Endo"
"834","C834",3323.83,5570.88,"eL6"
"835","C835",3318.55,12610.42,"Oligo"
"836","C836",3328.6,10280.82,"SST"
"837","C837",3338.11,14936.64,"eL2_3"
"838","C838",3339.54,753.92,"HPC"
"839","C839",3347.28,6436.33,"Micro"
"840","C840",3313.1,17140.01,"Smc"
"841","C841",3348.15,435.88,"HPC"
"842","C842",3375.07,4322.47,"Oligo"
"843","C843",3355.96,16136.16,"Astro"
"844","C844",3355.48,5230.13,"eL6"
"845","C845",3368.59,10858.82,"eL4"
"846","C846",3360.24,10507.01,"VIP"
"847","C847",3379.06,5726.76,"eL6"
"848","C848",3386.48,11348.89,"eL4"
"849","C849",3396.8,9574.67,"Micro"
"850","C850",3402.78,609.94,"HPC"
"851","C851",3404.69,12917.74,"eL2_3"
"852","C852",3436.56,16899.65,"Micro"
"853","C853",3401.51,16680.73,"Astro"
"854","C854",3424.15,1074.52,"HPC"
"855","C855",3411.4,16555.03,"Astro"
"856","C856",3407.64,2962.2,"eL5"
"857","C857",3442.68,10030.41,"Astro"
"858","C858",3475.78,8915.53,"eL5"
"859","C859",3452.27,13159.56,"eL2_3"
"860","C860",3495.13,4897.24,"Astro"
"861","C861",3460.86,12524.62,"eL4"
"862","C862",3463.41,13477,"eL2_3"
"863","C863",3475.25,761.15,"HPC"
"864","C864",3448.41,6529.69,"eL6"
"865","C865",3482.06,10304.34,"Astro"
"866","C866",3462.36,895.55,"HPC"
"867","C867",3498.62,6956.69,"eL6"
"868","C868",3499.65,11358.04,"Astro"
"869","C869",3490.29,6213.97,"eL6"
"870","C870",3542.5,7948.57,"SST"
"871","C871",3499.62,10936.75,"eL4"
"872","C872",3514.61,11665.85,"eL4"
"873","C873",3533.97,569.84,"HPC"
"874","C874",3541.2,9881.45,"eL6"
"875","C875",3541.95,14739.47,"eL2_3"
"876","C876",3536.62,3982.39,"Astro"
"877","C877",3548.17,12780.27,"eL4"
"878","C878",3559.72,5454.92,"eL6"
"879","C879",3514.6,6014.92,"Endo"
"880","C880",3541.3,7684.73,"Astro"
"881","C881",3572.64,10647.8,"eL4"
"882","C882",3535.19,11214.7,"Astro"
"883","C883",3541.82,14022.95,"eL2_3"
"884","C884",3539.75,15375.3,"eL2_3"
"885","C885",3550.81,3361.45,"Oligo"
"886","C886",3572.52,5868.73,"eL6"
"887","C887",3569.7,9551.61,"Astro"
"888","C888",3567.83,993.09,"HPC"
"889","C889",3583.81,6523.13,"Oligo"
"890","C890",3574.35,14374.58,"eL4"
"891","C891",3617.06,4076.63,"Oligo"
"892","C892",3577.54,6658.42,"eL6"
"893","C893",3578.32,1285.95,"Astro"
"894","C894",3593.13,1633.25,"HPC"
"895","C895",3603.08,10357.83,"Astro"
"896","C896",3612.13,12087.05,"eL4"
"897","C897",3603.29,13505.3,"eL2_3"
"898","C898",3595.56,14170.47,"Astro"
"899","C899",3624.41,1134.71,"Endo"
"900","C900",3623.78,5243.01,"eL6"
"901","C901",3609.89,6256.39,"eL6"
"902","C902",3600.02,706.62,"HPC"
"903","C903",3595.01,11925.45,"eL2_3"
"904","C904",3648.25,15385.34,"eL4"
"905","C905",3649.13,6064.62,"Endo"
"906","C906",3633.08,11298.39,"eL4"
"907","C907",3616.37,3092.53,"SST"
"908","C908",3649.36,6368.94,"eL6"
"909","C909",3635.97,13407.15,"Micro"
"910","C910",3647.16,833.17,"HPC"
"911","C911",3666.52,7271.06,"eL6"
"912","C912",3649.96,11539.39,"Oligo"
"913","C913",3652.86,11675.86,"eL4"
"914","C914",3664.43,13628.16,"eL2_3"
"915","C915",3664.62,14303.25,"eL2_3"
"916","C916",3654.6,4287.04,"Oligo"
"917","C917",3662.34,13163.04,"eL2_3"
"918","C918",3676.66,7575.86,"eL4"
"919","C919",3671.09,11125.43,"eL2_3"
"920","C920",3668.87,13990.13,"eL4"
"921","C921",3687.61,15812.57,"eL2_3"
"922","C922",3686.71,966.54,"HPC"
"923","C923",3681.3,10986.98,"Endo"
"924","C924",3684.46,11422.62,"eL4"
"925","C925",3691.76,621.02,"HPC"
"926","C926",3678.02,4182.56,"Oligo"
"927","C927",3685.8,5726.18,"eL6"
"928","C928",3686.49,5967.82,"eL6"
"929","C929",3698.96,6955.32,"PVALB"
"930","C930",3679.44,9761.02,"eL4"
